Reservoir Name,State,Basin,District,FRL (m),Live Capacity at FRL (BCM),Current Live Storage (BCM),Current Storage (%),Last Year Live Storage (BCM),Last 10 Year Avg Storage (BCM),Observation Date,Source
Sardar Sarovar,Gujarat,Narmada,Narmada,138.68,5.760,5.689,98.77,5.712,4.890,2026-10-01,Central Water Commission (CWC) Weekly Reservoir Storage Bulletin
Dharoi,Gujarat,Sabarmati,Mehsana,189.59,0.776,0.612,78.87,0.685,0.480,2026-10-01,Central Water Commission (CWC) Weekly Reservoir Storage Bulletin
Ukai,Gujarat,Tapi,Tapi,105.16,6.615,5.820,87.98,5.940,5.120,2026-10-01,Central Water Commission (CWC) Weekly Reservoir Storage Bulletin
Kadana,Gujarat,Mahi,Mahisagar,127.71,1.249,1.180,94.48,1.210,1.050,2026-10-01,Central Water Commission (CWC) Weekly Reservoir Storage Bulletin
Dantiwada,Gujarat,Banas,Banaskantha,184.10,0.404,0.285,70.54,0.310,0.220,2026-10-01,Central Water Commission (CWC) Weekly Reservoir Storage Bulletin
Sardar Sarovar,Gujarat,Narmada,Narmada,138.68,5.760,2.850,49.48,2.420,3.100,2026-05-28,Central Water Commission (CWC) Weekly Reservoir Storage Bulletin
Dharoi,Gujarat,Sabarmati,Mehsana,189.59,0.776,0.245,31.57,0.198,0.290,2026-05-28,Central Water Commission (CWC) Weekly Reservoir Storage Bulletin
Ukai,Gujarat,Tapi,Tapi,105.16,6.615,2.980,45.05,2.750,3.250,2026-05-28,Central Water Commission (CWC) Weekly Reservoir Storage Bulletin
Kadana,Gujarat,Mahi,Mahisagar,127.71,1.249,0.510,40.83,0.480,0.590,2026-05-28,Central Water Commission (CWC) Weekly Reservoir Storage Bulletin
Dantiwada,Gujarat,Banas,Banaskantha,184.10,0.404,0.095,23.51,0.080,0.110,2026-05-28,Central Water Commission (CWC) Weekly Reservoir Storage Bulletin
Sardar Sarovar,Gujarat,Narmada,Narmada,138.68,5.760,5.712,99.17,5.650,4.720,2025-10-02,Central Water Commission (CWC) Weekly Reservoir Storage Bulletin
Dharoi,Gujarat,Sabarmati,Mehsana,189.59,0.776,0.685,88.27,0.620,0.450,2025-10-02,Central Water Commission (CWC) Weekly Reservoir Storage Bulletin
Ukai,Gujarat,Tapi,Tapi,105.16,6.615,5.940,89.80,5.800,4.980,2025-10-02,Central Water Commission (CWC) Weekly Reservoir Storage Bulletin
Kadana,Gujarat,Mahi,Mahisagar,127.71,1.249,1.210,96.88,1.150,1.010,2025-10-02,Central Water Commission (CWC) Weekly Reservoir Storage Bulletin
Dantiwada,Gujarat,Banas,Banaskantha,184.10,0.404,0.310,76.73,0.290,0.210,2025-10-02,Central Water Commission (CWC) Weekly Reservoir Storage Bulletin
Sardar Sarovar,Gujarat,Narmada,Narmada,138.68,5.760,2.420,42.01,2.810,3.050,2025-05-29,Central Water Commission (CWC) Weekly Reservoir Storage Bulletin
Dharoi,Gujarat,Sabarmati,Mehsana,189.59,0.776,0.198,25.52,0.230,0.280,2025-05-29,Central Water Commission (CWC) Weekly Reservoir Storage Bulletin
Sardar Sarovar,Gujarat,Narmada,Narmada,138.68,5.760,5.650,98.09,5.520,4.600,2024-10-03,Central Water Commission (CWC) Weekly Reservoir Storage Bulletin
Dharoi,Gujarat,Sabarmati,Mehsana,189.59,0.776,0.620,79.90,0.590,0.430,2024-10-03,Central Water Commission (CWC) Weekly Reservoir Storage Bulletin
